No,Mode,Thread,Process,File,Total Baris,Waktu (s),Throughput,Speedup,Efisiensi
1,Sequential,1,1,4,134713,2.835,47511.9,1.0,100.0
2,Multithread,1,1,4,134713,2.827,47656.5,1.0,100.3
3,Multithread,2,1,4,134713,2.857,47151.0,0.99,49.6
4,Multithread,4,1,4,134713,2.84,47426.1,1.0,25.0
5,Multithread,8,1,4,134713,2.902,46416.8,0.98,12.2
6,Multiprocessing,1,1,4,134713,3.051,44156.8,0.93,92.9
7,Multiprocessing,1,2,4,134713,1.668,80782.9,1.7,85.0
8,Multiprocessing,1,4,4,134713,1.059,127219.0,2.68,66.9
9,Multiprocessing,1,8,4,134713,1.074,125470.5,2.64,33.0
10,Hybrid,2,2,4,134713,1.676,80353.8,1.69,42.3
11,Hybrid,2,4,4,134713,0.995,135412.1,2.85,35.6
12,Hybrid,4,4,4,134713,0.959,140523.7,2.96,18.5
13,Hybrid,2,8,4,134713,1.004,134120.6,2.82,17.6
14,Sequential,1,1,8,267488,5.656,47295.2,1.0,100.0
15,Multithread,1,1,8,267488,5.661,47251.5,1.0,99.9
16,Multithread,2,1,8,267488,5.677,47116.1,1.0,49.8
17,Multithread,4,1,8,267488,5.689,47022.5,0.99,24.9
18,Multithread,8,1,8,267488,5.686,47045.3,0.99,12.4
19,Multiprocessing,1,1,8,267488,5.807,46063.6,0.97,97.4
20,Multiprocessing,1,2,8,267488,3.067,87214.1,1.84,92.2
21,Multiprocessing,1,4,8,267488,1.763,151723.6,3.21,80.2
22,Multiprocessing,1,8,8,267488,1.161,230304.6,4.87,60.9
23,Hybrid,2,2,8,267488,3.053,87611.8,1.85,46.3
24,Hybrid,2,4,8,267488,1.72,155555.9,3.29,41.1
25,Hybrid,4,4,8,267488,1.714,156082.5,3.3,20.6
26,Hybrid,2,8,8,267488,1.158,231058.2,4.89,30.5
27,Sequential,1,1,16,530491,11.269,47074.7,1.0,100.0
28,Multithread,1,1,16,530491,11.279,47032.8,1.0,99.9
29,Multithread,2,1,16,530491,11.366,46673.8,0.99,49.6
30,Multithread,4,1,16,530491,11.359,46702.3,0.99,24.8
31,Multithread,8,1,16,530491,11.414,46478.1,0.99,12.3
32,Multiprocessing,1,1,16,530491,11.466,46266.9,0.98,98.3
33,Multiprocessing,1,2,16,530491,6.259,84753.6,1.8,90.0
34,Multiprocessing,1,4,16,530491,3.378,157054.3,3.34,83.4
35,Multiprocessing,1,8,16,530491,2.068,256577.8,5.45,68.1
36,Hybrid,2,2,16,530491,5.891,90058.1,1.91,47.8
37,Hybrid,2,4,16,530491,3.181,166749.1,3.54,44.3
38,Hybrid,4,4,16,530491,3.364,157686.2,3.35,20.9
39,Hybrid,2,8,16,530491,1.985,267220.7,5.68,35.5
40,Sequential,1,1,32,1036475,22.494,46078.5,1.0,100.0
41,Multithread,1,1,32,1036475,22.478,46109.7,1.0,100.1
42,Multithread,2,1,32,1036475,22.704,45652.1,0.99,49.5
43,Multithread,4,1,32,1036475,22.707,45645.2,0.99,24.8
44,Multithread,8,1,32,1036475,22.634,45793.3,0.99,12.4
45,Multiprocessing,1,1,32,1036475,22.73,45599.1,0.99,99.0
46,Multiprocessing,1,2,32,1036475,11.971,86584.8,1.88,94.0
47,Multiprocessing,1,4,32,1036475,7.389,140271.2,3.04,76.1
48,Multiprocessing,1,8,32,1036475,3.949,262440.7,5.7,71.2
49,Hybrid,2,2,32,1036475,11.621,89191.0,1.94,48.4
50,Hybrid,2,4,32,1036475,6.219,166672.2,3.62,45.2
51,Hybrid,4,4,32,1036475,6.558,158040.4,3.43,21.4
52,Hybrid,2,8,32,1036475,3.742,276977.4,6.01,37.6
